l_english:
  # Blood mage
  cult_of_blood_religion:0 "Blood Cultist"
  cult_of_blood_religion_desc:0 "Blood Cultist"
  cult_of_blood_religion_adj:0 "Blood Cultist"
  cult_of_blood_religion_adherent:0 "Blood Cultist"
  cult_of_blood_religion_adherent_plural:0 "Blood Cultists"
  
  cult_of_blood:0 "Cult of Blood"
  cult_of_blood_adj:0 "Blood Cultist"
  cult_of_blood_adherent_plural:0 "Blood Cultists"
  
  # Men at arms
  holy_order_knights_of_the_crimson_chalice:0 "Knights of the Crimson Chalice"
  holy_order_custodians_of_the_vital_essence:0 "Custodians of the Vital Essence"
  holy_order_crimson_covenant:0 "Crimson Covenant"
  holy_order_sanguine_disciples:0 "Sanguine Disciples"
  holy_order_crimson_tide:0 "Crimson Tide"
  holy_order_bloodbound_sentinels:0 "Bloodbound Sentinels"
  holy_order_scarlet_vanguard:0 "Scarlet Vanguard"
  
  holy_site_blood_mage_effect_name:0 "Blood Magic Holy Site"
  
  # Holy sites Iceland - Best place
  holy_site_talknafjordur_name:0 "Tálknafjörður"
  holy_site_sudurland_name:0 "Skálaholt"
  holy_site_austurland_name:0 "Austfirðir"
  holy_site_nordurland_name:0 "Húsavík"
  holy_site_reykjavik_name:0 "Reykjavík"
  
  # Holy sites eu + eea + uk
  holy_site_amsterdam_name:0 "Amsterdam"
  holy_site_athens_name:0 "Athens"
  holy_site_berlin_name:0 "Berlin"
  holy_site_bern_name:0 "Bern"
  holy_site_bratislava_name:0 "Bratislava"
  holy_site_brussels_name:0 "Brussels"
  holy_site_bucharest_name:0 "Bucharest"
  holy_site_budapest_name:0 "Budapest"
  holy_site_copenhagen_name:0 "Copenhagen"
  holy_site_dublin_name:0 "Dublin"
  holy_site_helsinki_name:0 "Helsinki"
  holy_site_lisbon_name:0 "Lisbon"
  holy_site_ljubljana_name:0 "Ljubljana"
  holy_site_london_name:0 "London"
  holy_site_luxembourg_name:0 "Luxembourg"
  holy_site_madrid_name:0 "Madrid"
  holy_site_nicosia_name:0 "Nicosia"
  holy_site_oslo_name:0 "Oslo"
  holy_site_paris_name:0 "Paris"
  holy_site_prague_name:0 "Prague"
  
  holy_site_riga_name:0 "Riga"
  holy_site_rome_name:0 "Rome"
  holy_site_sofia_name:0 "Sofia"
  holy_site_stockholm_name:0 "Stockholm"
  holy_site_tallinn_name:0 "Tallinn"
  holy_site_valletta_name:0 "Valletta"
  holy_site_vienna_name:0 "Vienna"
  holy_site_vilnius_name:0 "Vilnius"
  holy_site_warsaw_name:0 "Warsaw"
  holy_site_zagreb_name:0 "Zagreb"
  
  # Holy sites other
  holy_site_barcelona_name:0 "Barcelona"
  holy_site_edinburgh_name:0 "Edinburgh"
  holy_site_torshavn_name:0 "Torshavn"
  